{"cameraMode":{"drawMode":0,"name":"Shaded","section":"Shading Mode"},"sceneLighting":true,"audioPlay":false,"sceneViewState":{"m_AlwaysRefresh":false,"showFog":true,"showSkybox":true,"showFlares":true,"showImageEffects":true,"showParticleSystems":true,"showVisualEffectGraphs":true,"m_FxEnabled":true},"in2DMode":false,"pivot":{"x":-3.3684933185577394,"y":-1.1939826011657715,"z":-3.3186593055725099},"rotation":{"x":-0.13975568115711213,"y":0.7303502559661865,"z":-0.15705105662345887,"w":-0.6499276161193848},"size":24.445802688598634,"orthographic":false}